TEXTO,CARRERA,,,,,,,,
Me gusta optimizar los procesos de producciГіn en las fГЎbric,INDUSTRIAL,,,,,,,,
Quiero diseГұar sistemas eficientes para mejorar la productivida,INDUSTRIAL,,,,,,,,
Estoy interesado en la gestiГіn de la cadena de suministr,INDUSTRIAL,,,,,,,,
Me apasiona mejorar la calidad y reducir los costos en la manufactura,INDUSTRIAL,,,,,,,,
Quiero aplicar tГ©cnicas de ingenierГӯa para resolver problemas industrial,INDUSTRIAL,,,,,,,,
Me gustarГӯa diseГұar puentes y edificios resistent,CIVIL,,,,,,,,
Estoy interesado en la construcciГіn de infraestructuras sostenible,CIVIL,,,,,,,,S
Quiero ayudar en el desarrollo urbano planificando ciudades,CIVIL,,,,,,,,
Me apasiona el cГЎlculo estructural y la ingenierГӯa geotГ©cn,CIVIL,,,,,,,,
Estoy enfocado en la gestiГіn de proyectos de construcciГ,CIVIL,,,,,,,,
Quiero desarrollar software y aplicaciones innovadoras,INFORMГҒTIC,,,,,,,,
Me interesa la inteligencia artificial y el aprendizaje automГЎtic,INFORMГҒTIC,,,,,,,,
Estoy fascinado por la programaciГіn y el desarrollo we,INFORMГҒTIC,,,,,,,,
Quiero dedicarme a la ciberseguridad y protecciГіn de dato,INFORMГҒTIC,,,,,,,,
Me apasiona el diseГұo de sistemas operativos y bases de dato,INFORMГҒTIC,,,,,,,,
Me interesa el diseГұo de redes de comunicaciГіn inalГЎmbri,TELECOMUNICACIONES,,,,,,,,
Quiero trabajar en el desarrollo de tecnologГӯas 5,TELECOMUNICACIONES,,,,,,,,
Estoy enfocado en sistemas de transmisiГіn y procesamiento de seГұal,TELECOMUNICACIONES,,,,,,,,
Me apasiona la comunicaciГіn satelital y las telecomunicaciones Гіptic,TELECOMUNICACIONES,,,,,,,,
Quiero contribuir al avance de la conectividad global,TELECOMUNICACIONES,,,,,,,,
Me gustarГӯa diseГұar edificios estГ©ticamente agradables y funciona,ARQUITECTURA,,,,,,,,
Me interesa la arquitectura sostenible y el diseГұo ecolГіgi,ARQUITECTURA,,,,,,,,
Quiero crear espacios que mejoren la calidad de vida de las personas,ARQUITECTURA,,,,,,,,
Estoy fascinado por la restauraciГіn de edificios histГіric,ARQUITECTURA,,,,,,,,
Me apasiona el urbanismo y la planificaciГіn de ciudade,ARQUITECTURA,,,,,,,,
Me interesa explorar las preguntas fundamentales sobre la existencia,FILOSOFГҚ,,,,,,,,
Quiero estudiar las ideas de los grandes pensadores de la historia,FILOSOFГҚ,,,,,,,,
Estoy fascinado por la Г©tica y la moral en la socieda,FILOSOFГҚ,,,,,,,,
Me apasiona la lГіgica y el razonamiento crГӯti,FILOSOFГҚ,,,,,,,,
Quiero contribuir al debate filosГіfico contemporГЎn,FILOSOFГҚ,,,,,,,,
Me interesa comprender el comportamiento humano y la mente,PSICOLOGГҚ,,,,,,,,
Quiero ayudar a las personas a superar sus problemas emocionales,PSICOLOGГҚ,,,,,,,,
Estoy fascinado por el desarrollo cognitivo en niГұo,PSICOLOGГҚ,,,,,,,,
Me apasiona investigar sobre trastornos mentales y sus tratamientos,PSICOLOGГҚ,,,,,,,,
Quiero trabajar en terapia y asesoramiento psicolГіgic,PSICOLOGГҚ,,,,,,,,
Me encanta la literatura y analizar obras clГЎsica,LETRAS,,,,,,,,
Quiero dedicarme a la crГӯtica literaria y el anГЎlisis textu,LETRAS,,,,,,,,
Estoy interesado en la escritura creativa y la poesГӯ,LETRAS,,,,,,,,
Me apasiona el estudio de diferentes corrientes literarias,LETRAS,,,,,,,,
Quiero enseГұar literatura en niveles superiore,LETRAS,,,,,,,,
Me interesa el periodismo y la producciГіn de noticia,COMUNICACIГ“N SOCIA,,,,,,,,
Quiero trabajar en medios de comunicaciГіn y publicida,COMUNICACIГ“N SOCIA,,,,,,,,
Estoy fascinado por las relaciones pГәblicas y la comunicaciГіn corporati,COMUNICACIГ“N SOCIA,,,,,,,,
Me apasiona la creaciГіn de contenido multimedi,COMUNICACIГ“N SOCIA,,,,,,,,
Quiero estudiar el impacto de las redes sociales en la sociedad,COMUNICACIГ“N SOCIA,,,,,,,,
Quiero ser docente y contribuir a la formaciГіn de nuevas generacione,EDUCACIГ“,,,,,,,,
Me interesa la pedagogГӯa y las metodologГӯas de enseГұa,EDUCACIГ“,,,,,,,,
Estoy enfocado en la educaciГіn especial y necesidades educativa,EDUCACIГ“,,,,,,,,
Me apasiona la investigaciГіn en polГӯticas educativ,EDUCACIГ“,,,,,,,,
Quiero mejorar la calidad educativa en comunidades desfavorecidas,EDUCACIГ“,,,,,,,,
Quiero dirigir empresas y liderar equipos de trabajo,ADMINISTRACIГ“,,,,,,,,
Me interesa la gestiГіn estratГ©gica y la planificaciГіn empresar,ADMINISTRACIГ“,,,,,,,,
Estoy enfocado en mejorar procesos administrativos,ADMINISTRACIГ“,,,,,,,,
Me apasiona el emprendimiento y la creaciГіn de negocio,ADMINISTRACIГ“,,,,,,,,
Quiero especializarme en gestiГіn de recursos humano,ADMINISTRACIГ“,,,,,,,,
Me gusta analizar estados financieros y auditorГӯa,CONTADURГҚ,,,,,,,,
Quiero asesorar a empresas en materia fiscal y contable,CONTADURГҚ,,,,,,,,
Estoy interesado en la contabilidad internacional,CONTADURГҚ,,,,,,,,
Me apasiona el control financiero y la gestiГіn de costo,CONTADURГҚ,,,,,,,,
Quiero ayudar a organizaciones a tomar decisiones basadas en datos contables,CONTADURГҚ,,,,,,,,
Me interesa la gestiГіn del talento humano en empresa,RELACIONES INDUSTRIALES,,,,,,,,
Quiero mejorar las relaciones laborales y el clima organizacional,RELACIONES INDUSTRIALES,,,,,,,,
Estoy enfocado en la negociaciГіn colectiva y los sindicato,RELACIONES INDUSTRIALES,,,,,,,,
Me apasiona el desarrollo organizacional y el cambio cultural,RELACIONES INDUSTRIALES,,,,,,,,
Quiero estudiar la legislaciГіn laboral y su aplicaciГ,RELACIONES INDUSTRIALES,,,,,,,,
Me interesa comprender las estructuras y dinГЎmicas sociale,SOCIOLOGГҚ,,,,,,,,
Quiero investigar sobre desigualdad y problemas sociales,SOCIOLOGГҚ,,,,,,,,
Estoy fascinado por los estudios de gГ©nero y diversidad cultura,SOCIOLOGГҚ,,,,,,,,
Me apasiona el anГЎlisis de fenГіmenos sociales contemporГЎn,SOCIOLOGГҚ,,,,,,,,
Quiero contribuir a polГӯticas pГәblicas basadas en investigaciГіn soc,SOCIOLOGГҚ,,,,,,,,
Me interesa el estudio de mercados y sistemas econГіmico,ECONOMГҚ,,,,,,,,
Quiero analizar polГӯticas econГіmicas y su impac,ECONOMГҚ,,,,,,,,
Estoy enfocado en la economГӯa internacional y el comercio globa,ECONOMГҚ,,,,,,,,
Me apasiona la econometrГӯa y el anГЎlisis de datos econГіmi,ECONOMГҚ,,,,,,,,
Quiero contribuir al desarrollo econГіmico sostenibl,ECONOMГҚ,,,,,,,,
Quiero defender los derechos de las personas en los tribunales,DERECHO,,,,,,,,
Me interesa el derecho penal y la justicia criminal,DERECHO,,,,,,,,
Estoy enfocado en el derecho internacional y relaciones entre paГӯse,DERECHO,,,,,,,,
Me apasiona la legislaciГіn ambiental y su aplicaciГ,DERECHO,,,,,,,,
Quiero asesorar en materia legal a empresas y organizaciones,DERECHO,,,,,,,,
Me interesa estudiar las doctrinas y prГЎcticas religiosa,TEOLOGГҚ,,,,,,,,
Quiero profundizar en el conocimiento de textos sagrados,TEOLOGГҚ,,,,,,,,
Estoy enfocado en el diГЎlogo interreligioso y ecumГ©ni,TEOLOGГҚ,,,,,,,,
Me apasiona la filosofГӯa de la religiГіn y su impacto en la socied,TEOLOGГҚ,,,,,,,,
Quiero servir como lГӯder espiritual y guГӯa comunitar,TEOLOGГҚ,,,,,,,,
Estoy interesado en la ingenierГӯa de operaciones y logГӯsti,INDUSTRIAL,,,,,,,,
Me gustarГӯa optimizar sistemas productivos mediante la automatizaciГ,INDUSTRIAL,,,,,,,,
Quiero desarrollar videojuegos y experiencias interactivas,INFORMГҒTIC,,,,,,,,
Me interesa la computaciГіn en la nube y los servicios we,INFORMГҒTIC,,,,,,,,
Estoy enfocado en el diseГұo de interiores y espacios habitable,ARQUITECTURA,,,,,,,,
Me gustarГӯa combinar tecnologГӯa y arquitectura en proyectos innovador,ARQUITECTURA,,,,,,,,
Quiero investigar la psicologГӯa social y las interacciones humana,PSICOLOGГҚ,,,,,,,,
Me interesa la neurociencia y cГіmo funciona el cerebr,PSICOLOGГҚ,,,,,,,,
Estoy interesado en el anГЎlisis de mercados financiero,ECONOMГҚ,,,,,,,,
Quiero estudiar la economГӯa del desarrollo y la pobrez,ECONOMГҚ,,,,,,,,
Me apasiona el derecho civil y las relaciones contractuales,DERECHO,,,,,,,,
Quiero especializarme en derechos humanos y derecho humanitario,DERECHO,,,,,,,,
Me interesa la lingГјГӯstica y el estudio del lengua,LETRAS,,,,,,,,
Quiero traducir obras literarias y promover la interculturalidad,LETRAS,,,,,,,,
Estoy fascinado por la historia de las religiones y su evoluciГі,TEOLOGГҚ,,,,,,,,
Siempre me ha gustado entender cГіmo funcionan las cosas y mejorar proceso,INDUSTRIAL,,,,,,,,
Disfruto organizando eventos y asegurГЎndome de que todo salga perfect,INDUSTRIAL,,,,,,,,
Me interesa encontrar maneras mГЎs eficientes de hacer tareas cotidiana,INDUSTRIAL,,,,,,,,
Siento curiosidad por cГіmo se pueden optimizar los recursos en una empres,INDUSTRIAL,,,,,,,,
Me apasiona planificar y gestionar proyectos grandes,INDUSTRIAL,,,,,,,,
Desde pequeГұo he querido construir edificios y dejar mi huella en la ciuda,CIVIL,,,,,,,,
Me encanta diseГұar y ver cГіmo mis ideas toman forma fГӯs,CIVIL,,,,,,,,
Me intriga cГіmo se levantan puentes y estructuras enorme,CIVIL,,,,,,,,
Quiero contribuir al desarrollo de infraestructuras sostenibles,CIVIL,,,,,,,,
Disfruto trabajando al aire libre y en contacto con la naturaleza,CIVIL,,,,,,,,
Paso horas en la computadora creando programas y resolviendo problemas,INFORMГҒTIC,,,,,,,,
Me fascina cГіmo la tecnologГӯa puede mejorar nuestras vid,INFORMГҒTIC,,,,,,,,
Siempre estoy al dГӯa con las Гәltimas tendencias en tecnologГӯa y softw,INFORMГҒTIC,,,,,,,,
Me gusta resolver puzzles y desafГӯos lГіgic,INFORMГҒTIC,,,,,,,,
SueГұo con desarrollar una aplicaciГіn que ayude a millones de person,INFORMГҒTIC,,,,,,,,
Me apasiona entender cГіmo nos comunicamos a travГ©s de dispositivos mГіvi,TELECOMUNICACIONES,,,,,,,,
Quiero mejorar la conectividad en ГЎreas remota,TELECOMUNICACIONES,,,,,,,,
Me intriga cГіmo funciona Internet y las redes globale,TELECOMUNICACIONES,,,,,,,,
Disfruto desmontando aparatos electrГіnicos para ver cГіmo funcion,TELECOMUNICACIONES,,,,,,,,
SueГұo con participar en el avance de las tecnologГӯas de comunicaci,TELECOMUNICACIONES,,,,,,,,
Siempre estoy dibujando y creando diseГұos de espacios y edificio,ARQUITECTURA,,,,,,,,
Me inspira la idea de diseГұar lugares donde las personas vivan y trabaje,ARQUITECTURA,,,,,,,,
Me interesa cГіmo el entorno construido afecta nuestro bienesta,ARQUITECTURA,,,,,,,,
Quiero combinar arte y funcionalidad en mis creaciones,ARQUITECTURA,,,,,,,,
Me apasiona la idea de contribuir al paisaje urbano de mi ciudad,ARQUITECTURA,,,,,,,,
Me encanta reflexionar sobre preguntas profundas y el sentido de la vida,FILOSOFГҚ,,,,,,,,
Disfruto leyendo obras de grandes pensadores y filГіsofo,FILOSOFГҚ,,,,,,,,
Me intriga cГіmo las ideas han moldeado la historia human,FILOSOFГҚ,,,,,,,,
Quiero ayudar a otros a pensar crГӯticamente sobre el mund,FILOSOFГҚ,,,,,,,,
Siento una conexiГіn especial con temas Г©ticos y moral,FILOSOFГҚ,,,,,,,,
Siempre he querido entender por quГ© las personas actГәan como lo hac,PSICOLOGГҚ,,,,,,,,
Me interesa cГіmo funciona la mente humana y las emocione,PSICOLOGГҚ,,,,,,,,
Quiero ayudar a otros a superar sus problemas y sentirse mejor,PSICOLOGГҚ,,,,,,,,
Disfruto escuchando a las personas y ofreciendo apoyo,PSICOLOGГҚ,,,,,,,,
Me fascina estudiar el desarrollo humano desde la niГұez hasta la adulte,PSICOLOGГҚ,,,,,,,,
La lectura y la escritura son mis pasiones mГЎs grande,LETRAS,,,,,,,,
Me encanta perderme en historias y crear mundos con palabras,LETRAS,,,,,,,,
SueГұo con ser escritor y compartir mis historias con el mund,LETRAS,,,,,,,,
Me interesa analizar textos y descubrir sus significados ocultos,LETRAS,,,,,,,,
Disfruto estudiando diferentes estilos literarios y Г©pocas histГіric,LETRAS,,,,,,,,
Siempre estoy al tanto de las noticias y me gusta informar a los demГЎ,COMUNICACIГ“N SOCIA,,,,,,,,
Me apasiona el poder de los medios para influir en la sociedad,COMUNICACIГ“N SOCIA,,,,,,,,
Quiero ser la voz de quienes no pueden ser escuchados,COMUNICACIГ“N SOCIA,,,,,,,,
Me interesa la fotografГӯa y contar historias a travГ©s de imГЎge,COMUNICACIГ“N SOCIA,,,,,,,,
Disfruto creando contenido para redes sociales y conectando con la gente,COMUNICACIГ“N SOCIA,,,,,,,,
Siento una vocaciГіn por enseГұar y compartir conocimient,EDUCACIГ“,,,,,,,,
Me llena de alegrГӯa ver cГіmo otros aprenden y crec,EDUCACIГ“,,,,,,,,
Quiero hacer una diferencia en la vida de los niГұos y jГіven,EDUCACIГ“,,,,,,,,
Me interesa desarrollar mГ©todos de enseГұanza innovador,EDUCACIГ“,,,,,,,,
Creo que la educaciГіn es la clave para un futuro mejo,EDUCACIГ“,,,,,,,,
Siempre he tenido habilidades para liderar y organizar equipos,ADMINISTRACIГ“,,,,,,,,
Me interesa cГіmo funcionan las empresas y cГіmo pueden mejor,ADMINISTRACIГ“,,,,,,,,
Disfruto planificando estrategias y alcanzando objetivos,ADMINISTRACIГ“,,,,,,,,
SueГұo con dirigir mi propio negocio algГәn d,ADMINISTRACIГ“,,,,,,,,
Me apasiona ayudar a las organizaciones a ser mГЎs eficiente,ADMINISTRACIГ“,,,,,,,,
Soy bueno con los nГәmeros y me gusta mantener todo en orde,CONTADURГҚ,,,,,,,,
Me interesa cГіmo se manejan las finanzas en una empres,CONTADURГҚ,,,,,,,,
Disfruto analizando datos y haciendo cГЎlculos preciso,CONTADURГҚ,,,,,,,,
Quiero asegurarme de que los recursos se utilicen correctamente,CONTADURГҚ,,,,,,,,
Me siento satisfecho cuando logro cuadrar cuentas complicadas,CONTADURГҚ,,,,,,,,
Me preocupa el bienestar de los empleados en una empresa,RELACIONES INDUSTRIALES,,,,,,,,
Quiero mejorar las condiciones laborales y el ambiente de trabajo,RELACIONES INDUSTRIALES,,,,,,,,
Me interesa mediar entre trabajadores y empleadores,RELACIONES INDUSTRIALES,,,,,,,,
Disfruto planificando capacitaciones y oportunidades de crecimiento,RELACIONES INDUSTRIALES,,,,,,,,
SueГұo con crear polГӯticas que beneficien a todos en una organizaci,RELACIONES INDUSTRIALES,,,,,,,,
Me fascina estudiar cГіmo las sociedades evolucionan y cambia,SOCIOLOGГҚ,,,,,,,,
Quiero entender mejor los problemas sociales y cГіmo resolverlo,SOCIOLOGГҚ,,,,,,,,
Me interesa investigar sobre culturas y comunidades diversas,SOCIOLOGГҚ,,,,,,,,
Disfruto analizando comportamientos colectivos y tendencias sociales,SOCIOLOGГҚ,,,,,,,,
Creo que podemos mejorar el mundo si comprendemos mejor a la sociedad,SOCIOLOGГҚ,,,,,,,,
Siempre me ha gustado entender cГіmo funciona la economГӯa glob,ECONOMГҚ,,,,,,,,
Me interesa analizar mercados y predecir tendencias financieras,ECONOMГҚ,,,,,,,,
Quiero contribuir a polГӯticas que mejoren la situaciГіn econГіmica de mi p,ECONOMГҚ,,,,,,,,
Disfruto estudiando grГЎficos y datos econГіmic,ECONOMГҚ,,,,,,,,
SueГұo con trabajar en instituciones que toman decisiones importante,ECONOMГҚ,,,,,,,,
Desde niГұo he sentido un fuerte sentido de justici,DERECHO,,,,,,,,
Quiero defender los derechos de quienes no pueden hacerlo por sГӯ mismo,DERECHO,,,,,,,,
Me interesa conocer las leyes y cГіmo se aplican en la vida cotidian,DERECHO,,,,,,,,
Disfruto argumentando y participando en debates,DERECHO,,,,,,,,
SueГұo con ser abogado y marcar una diferencia en mi comunida,DERECHO,,,,,,,,
Siento una conexiГіn profunda con mi fe y quiero estudiarla mГЎs a fon,TEOLOGГҚ,,,,,,,,
Me interesa comprender las diferentes religiones y creencias del mundo,TEOLOGГҚ,,,,,,,,
Quiero ayudar a otros en su camino espiritual,TEOLOGГҚ,,,,,,,,
Disfruto reflexionando sobre cuestiones existenciales y espirituales,TEOLOGГҚ,,,,,,,,
SueГұo con enseГұar y compartir conocimientos sobre mi ,TEOLOGГҚ,,,,,,,,
Me intriga cГіmo se pueden mejorar los sistemas de producciГ,INDUSTRIAL,,,,,,,,
Quiero encontrar soluciones prГЎcticas a problemas cotidiano,INDUSTRIAL,,,,,,,,
Disfruto trabajando en equipo para lograr metas comunes,INDUSTRIAL,,,,,,,,
Siento curiosidad por la gestiГіn eficiente de recurso,INDUSTRIAL,,,,,,,,
Me apasiona innovar en procesos industriales,INDUSTRIAL,,,,,,,,
Siempre me ha gustado construir cosas con mis manos,CIVIL,,,,,,,,
Me interesa el diseГұo de espacios pГәblicos que beneficien a la comunid,CIVIL,,,,,,,,
Quiero participar en proyectos que mejoren la infraestructura de mi paГӯ,CIVIL,,,,,,,,
Disfruto viendo cГіmo una idea se convierte en una estructura rea,CIVIL,,,,,,,,
SueГұo con dejar un legado a travГ©s de construcciones emblemГЎti,CIVIL,,,,,,,,
Paso mucho tiempo explorando nuevas tecnologГӯas y gadget,INFORMГҒTIC,,,,,,,,
Me encanta aprender nuevos lenguajes de programaciГі,INFORMГҒTIC,,,,,,,,
Quiero desarrollar soluciones tecnolГіgicas para problemas sociale,INFORMГҒTIC,,,,,,,,
Disfruto creando programas que facilitan la vida de las personas,INFORMГҒTIC,,,,,,,,
SueГұo con ser parte de innovaciones que cambien el mund,INFORMГҒTIC,,,,,,,,
Me fascina cГіmo podemos enviar informaciГіn al otro lado del mundo en segund,TELECOMUNICACIONES,,,,,,,,
Quiero mejorar la manera en que nos conectamos unos con otros,TELECOMUNICACIONES,,,,,,,,
Disfruto experimentando con dispositivos electrГіnico,TELECOMUNICACIONES,,,,,,,,
Siento curiosidad por las tecnologГӯas que aГәn no exist,TELECOMUNICACIONES,,,,,,,,
Me apasiona la idea de conectar a las personas sin importar la distancia,TELECOMUNICACIONES,,,,,,,,
Siempre estoy imaginando cГіmo serГӯa diseГұar mi propio espa,ARQUITECTURA,,,,,,,,
Me interesa la relaciГіn entre el diseГұo y la funcionalidad de un edific,ARQUITECTURA,,,,,,,,
Disfruto visitando lugares con arquitectura interesante,ARQUITECTURA,,,,,,,,
Quiero crear espacios que inspiren a las personas,ARQUITECTURA,,,,,,,,
SueГұo con combinar arte y ciencia en mis diseГұ,ARQUITECTURA,,,,,,,,
Me encanta cuestionar el porquГ© de las cosa,FILOSOFГҚ,,,,,,,,
Disfruto de conversaciones profundas sobre la vida y el universo,FILOSOFГҚ,,,,,,,,
Quiero explorar diferentes formas de pensar y perspectivas,FILOSOFГҚ,,,,,,,,
Siento que la filosofГӯa nos ayuda a entender mejor nuestro lugar en el mund,FILOSOFГҚ,,,,,,,,
Me apasiona aprender sobre distintas corrientes filosГіfica,FILOSOFГҚ,,,,,,,,
Siempre he sido el amigo al que todos acuden por consejos,PSICOLOGГҚ,,,,,,,,
Me interesa entender los procesos detrГЎs de nuestras decisione,PSICOLOGГҚ,,,,,,,,
Disfruto aprendiendo sobre diferentes personalidades y comportamientos,PSICOLOGГҚ,,,,,,,,
Quiero ayudar a mejorar la salud mental en mi comunidad,PSICOLOGГҚ,,,,,,,,
Siento empatГӯa por quienes enfrentan desafГӯos emocional,PSICOLOGГҚ,,,,,,,,
La escritura es mi forma favorita de expresiГі,LETRAS,,,,,,,,
Me pierdo en las pГЎginas de una buena novel,LETRAS,,,,,,,,
Quiero estudiar idiomas y cГіmo evolucionan con el tiemp,LETRAS,,,,,,,,
Disfruto analizando poemas y descubriendo sus significados profundos,LETRAS,,,,,,,,
SueГұo con enseГұar literatura y compartir mi pasiГіn con ot,LETRAS,,,,,,,,
Me motiva contar historias que impacten a la sociedad,COMUNICACIГ“N SOCIA,,,,,,,,
Quiero trabajar en televisiГіn o radio y llegar a muchas persona,COMUNICACIГ“N SOCIA,,,,,,,,
Disfruto investigando y reportando sobre temas de actualidad,COMUNICACIГ“N SOCIA,,,,,,,,
Siento que los medios pueden ser una fuerza para el bien,COMUNICACIГ“N SOCIA,,,,,,,,
Me apasiona el cine y la producciГіn audiovisua,COMUNICACIГ“N SOCIA,,,,,,,,
Creo que la educaciГіn es la base para el cambio socia,EDUCACIГ“,,,,,,,,
Me interesa desarrollar programas educativos innovadores,EDUCACIГ“,,,,,,,,
Disfruto trabajando con niГұos y jГіven,EDUCACIГ“,,,,,,,,
Quiero ser un mentor y guГӯa para las nuevas generacione,EDUCACIГ“,,,,,,,,
Siento que enseГұar es mi vocaciГ,EDUCACIГ“,,,,,,,,
Me gusta coordinar proyectos y verlos llegar a buen tГ©rmin,ADMINISTRACIГ“,,,,,,,,
Quiero entender cГіmo hacer crecer una empresa desde cer,ADMINISTRACIГ“,,,,,,,,
Disfruto trabajando en ambientes dinГЎmicos y competitivo,ADMINISTRACIГ“,,,,,,,,
Siento que tengo habilidades para liderar y motivar a otros,ADMINISTRACIГ“,,,,,,,,
Me interesa el mundo de los negocios y las finanzas,ADMINISTRACIГ“,,,,,,,,
Siempre he tenido facilidad con los nГәmeros y las matemГЎtic,CONTADURГҚ,,,,,,,,
Me interesa cГіmo las decisiones financieras afectan a una empres,CONTADURГҚ,,,,,,,,
Disfruto asegurГЎndome de que todo estГ© en orden y sin error,CONTADURГҚ,,,,,,,,
Quiero ayudar a las empresas a ser mГЎs rentable,CONTADURГҚ,,,,,,,,
Siento satisfacciГіn al resolver problemas complejo,CONTADURГҚ,,,,,,,,
Me preocupa el equilibrio entre el trabajo y la vida personal en las empresas,RELACIONES INDUSTRIALES,,,,,,,,
Quiero fomentar ambientes laborales saludables,RELACIONES INDUSTRIALES,,,,,,,,
Disfruto mediando en conflictos y buscando soluciones,RELACIONES INDUSTRIALES,,,,,,,,
Siento que el capital humano es el recurso mГЎs valios,RELACIONES INDUSTRIALES,,,,,,,,
Me interesa cГіmo motivar a las personas para alcanzar sus meta,RELACIONES INDUSTRIALES,,,,,,,,
Siempre me ha intrigado por quГ© las sociedades funcionan de cierta maner,SOCIOLOGГҚ,,,,,,,,
Quiero estudiar y entender las desigualdades sociales,SOCIOLOGГҚ,,,,,,,,
Disfruto analizando datos y tendencias sociales,SOCIOLOGГҚ,,,,,,,,
Siento que puedo contribuir a cambios positivos en la sociedad,SOCIOLOGГҚ,,,,,,,,
Me apasiona investigar sobre temas de gГ©nero y diversida,SOCIOLOGГҚ,,,,,,,,
Me interesa cГіmo las decisiones econГіmicas afectan a las personas comun,ECONOMГҚ,,,,,,,,
Quiero entender las causas de las crisis financieras,ECONOMГҚ,,,,,,,,
Disfruto estudiando teorГӯas econГіmicas y aplicГЎndolas a la reali,ECONOMГҚ,,,,,,,,
Siento que puedo contribuir a un sistema econГіmico mГЎs jus,ECONOMГҚ,,,,,,,,
Me fascina el mundo de las inversiones y el mercado bursГЎti,ECONOMГҚ,,,,,,,,
Siempre he tenido un fuerte sentido de lo que es correcto e incorrecto,DERECHO,,,,,,,,
Me interesa aprender sobre diferentes sistemas legales,DERECHO,,,,,,,,
Disfruto defendiendo mis puntos de vista con argumentos sГіlido,DERECHO,,,,,,,,
Quiero luchar por la justicia y la igualdad,DERECHO,,,,,,,,
SueГұo con ser juez o fiscal y servir a mi paГ,DERECHO,,,,,,,,
Siento una llamada a servir y profundizar en mi fe,TEOLOGГҚ,,,,,,,,
Me interesa el estudio de las escrituras y su aplicaciГіn hoy en dГ,TEOLOGГҚ,,,,,,,,
Disfruto participando en actividades de mi comunidad religiosa,TEOLOGГҚ,,,,,,,,
Quiero dedicar mi vida a ayudar espiritualmente a los demГЎ,TEOLOGГҚ,,,,,,,,
Me apasiona el diГЎlogo entre diferentes religiones y cultura,TEOLOGГҚ,,,,,,,,
Me gusta buscar formas de hacer mГЎs con menos recurso,INDUSTRIAL,,,,,,,,
Quiero entender cГіmo funcionan las cadenas de suministr,INDUSTRIAL,,,,,,,,
Disfruto optimizando mi tiempo y actividades diarias,INDUSTRIAL,,,,,,,,
Siento que puedo mejorar procesos en cualquier ГЎre,INDUSTRIAL,,,,,,,,
Me intriga cГіmo se puede aumentar la productividad sin sacrificar calida,INDUSTRIAL,,,,,,,,
Siempre he admirado las grandes obras de ingenierГӯa civi,CIVIL,,,,,,,,
Quiero contribuir a construir un mundo mГЎs sostenibl,CIVIL,,,,,,,,
Disfruto resolviendo problemas prГЎcticos con soluciones creativa,CIVIL,,,,,,,,
Siento una conexiГіn con el diseГұo y la construcci,CIVIL,,,,,,,,
Me interesa cГіmo las infraestructuras afectan a la socieda,CIVIL,,,,,,,,
Paso mi tiempo libre explorando nuevas aplicaciones y software,INFORMГҒTIC,,,,,,,,
Me encanta participar en hackatones y retos de programaciГі,INFORMГҒTIC,,,,,,,,
Quiero ser parte de la prГіxima gran innovaciГіn tecnolГіg,INFORMГҒTIC,,,,,,,,
Disfruto enseГұando a otros sobre tecnologГ,INFORMГҒTIC,,,,,,,,
SueГұo con trabajar en una empresa lГӯder en tecnolog,INFORMГҒTIC,,,,,,,,
Me fascina la idea de conectar el mundo a travГ©s de redes invisible,TELECOMUNICACIONES,,,,,,,,
Quiero mejorar la velocidad y calidad de las comunicaciones,TELECOMUNICACIONES,,,,,,,,
Disfruto aprendiendo sobre nuevas tecnologГӯas inalГЎmbric,TELECOMUNICACIONES,,,,,,,,
Siento que las telecomunicaciones son el futuro de la sociedad global,TELECOMUNICACIONES,,,,,,,,
Me apasiona explorar cГіmo la tecnologГӯa puede unir a las person,TELECOMUNICACIONES,,,,,,,,
Siempre estoy pensando en cГіmo mejorar los espacios donde vivimo,ARQUITECTURA,,,,,,,,
Me interesa la arquitectura sostenible y respetuosa con el medio ambiente,ARQUITECTURA,,,,,,,,
Disfruto dibujando y creando modelos en 3D,ARQUITECTURA,,,,,,,,
Quiero diseГұar edificios que inspiren y sean funcionale,ARQUITECTURA,,,,,,,,
SueГұo con combinar tradiciГіn e innovaciГіn en mis proyec,ARQUITECTURA,,,,,,,,
Me emociona la idea de mejorar la eficiencia en las empresas,INDUSTRIAL,,,,,,,,
Siempre busco maneras de optimizar procesos y reducir costos,INDUSTRIAL,,,,,,,,
Me interesa cГіmo funcionan las cadenas de producciГ,INDUSTRIAL,,,,,,,,
Disfruto planificando y organizando tareas complejas,INDUSTRIAL,,,,,,,,
Quiero ayudar a las empresas a ser mГЎs competitiva,INDUSTRIAL,,,,,,,,
Me atrae el desafГӯo de diseГұar estructuras segur,CIVIL,,,,,,,,
Siempre me ha gustado la construcciГіn y el diseГұo de edifici,CIVIL,,,,,,,,
Me interesa crear soluciones para problemas de infraestructura,CIVIL,,,,,,,,
Quiero participar en proyectos que mejoren las ciudades,CIVIL,,,,,,,,
Disfruto viendo cГіmo se materializan las obras que he planead,CIVIL,,,,,,,,
Me apasiona crear programas que faciliten la vida diaria,INFORMГҒTIC,,,,,,,,
Siempre estoy aprendiendo nuevos lenguajes de programaciГі,INFORMГҒTIC,,,,,,,,
Me interesa la inteligencia artificial y su potencial,INFORMГҒTIC,,,,,,,,
Quiero desarrollar software que tenga un impacto positivo,INFORMГҒTIC,,,,,,,,
Disfruto resolviendo problemas complejos con cГіdig,INFORMГҒTIC,,,,,,,,
Me intriga cГіmo funcionan las redes y las comunicacione,TELECOMUNICACIONES,,,,,,,,
Quiero mejorar la tecnologГӯa detrГЎs de las telecomunicacion,TELECOMUNICACIONES,,,,,,,,
Me interesa el avance de las comunicaciones satelitales,TELECOMUNICACIONES,,,,,,,,
Disfruto investigando sobre nuevas formas de transmitir datos,TELECOMUNICACIONES,,,,,,,,
Quiero contribuir a la expansiГіn de la conectividad globa,TELECOMUNICACIONES,,,,,,,,
Siempre he disfrutado dibujando y diseГұando espacio,ARQUITECTURA,,,,,,,,
Me interesa cГіmo la arquitectura puede influir en el bienesta,ARQUITECTURA,,,,,,,,
Quiero crear edificios que sean funcionales y estГ©ticamente agradable,ARQUITECTURA,,,,,,,,
Disfruto estudiando diferentes estilos arquitectГіnico,ARQUITECTURA,,,,,,,,
Me apasiona la idea de diseГұar soluciones habitacionales innovadora,ARQUITECTURA,,,,,,,,
Me encanta pensar en las grandes preguntas de la existencia,FILOSOFГҚ,,,,,,,,
Disfruto debatiendo sobre Г©tica y moral con amigo,FILOSOFГҚ,,,,,,,,
Me interesa cГіmo el pensamiento filosГіfico ha evoluciona,FILOSOFГҚ,,,,,,,,
Quiero profundizar en el estudio de diferentes corrientes filosГіfica,FILOSOFГҚ,,,,,,,,
Creo que la filosofГӯa es esencial para comprender el mund,FILOSOFГҚ,,,,,,,,
Siempre he querido ayudar a las personas a entenderse mejor a sГӯ misma,PSICOLOGГҚ,,,,,,,,
Me interesa cГіmo se desarrollan las relaciones humana,PSICOLOGГҚ,,,,,,,,
Disfruto aprendiendo sobre terapias y tГ©cnicas de apoyo emociona,PSICOLOGГҚ,,,,,,,,
Quiero trabajar en comunidades para mejorar la salud mental,PSICOLOGГҚ,,,,,,,,
Creo que entender la mente es clave para un futuro mejor,PSICOLOGГҚ,,,,,,,,
La literatura me transporta a mundos nuevos y fascinantes,LETRAS,,,,,,,,
Me apasiona estudiar cГіmo el lenguaje refleja la cultur,LETRAS,,,,,,,,
Quiero dedicarme a la investigaciГіn literaria y acadГ©mi,LETRAS,,,,,,,,
Disfruto escribiendo ensayos y compartiendo mis ideas,LETRAS,,,,,,,,
SueГұo con contribuir al mundo literario con mis propias obra,LETRAS,,,,,,,,
Me motiva informar y mantener a la sociedad al tanto de los eventos,COMUNICACIГ“N SOCIA,,,,,,,,
Quiero utilizar los medios para generar cambios positivos,COMUNICACIГ“N SOCIA,,,,,,,,
Disfruto produciendo contenido creativo y original,COMUNICACIГ“N SOCIA,,,,,,,,
Me interesa el impacto de la comunicaciГіn digital en la socieda,COMUNICACIГ“N SOCIA,,,,,,,,
Creo que una buena comunicaciГіn puede unir a las persona,COMUNICACIГ“N SOCIA,,,,,,,,
Siempre he sentido que enseГұar es mi verdadera vocaciГ,EDUCACIГ“,,,,,,,,
Me interesa desarrollar materiales educativos innovadores,EDUCACIГ“,,,,,,,,
Disfruto viendo el progreso de mis alumnos,EDUCACIГ“,,,,,,,,
Quiero especializarme en educaciГіn inclusiv,EDUCACIГ“,,,,,,,,
Creo que todos merecen una educaciГіn de calida,EDUCACIГ“,,,,,,,,
Me gusta planificar estrategias para alcanzar objetivos empresariales,ADMINISTRACIГ“,,,,,,,,
Quiero aprender a gestionar recursos eficientemente,ADMINISTRACIГ“,,,,,,,,
Disfruto analizando el funcionamiento de diferentes negocios,ADMINISTRACIГ“,,,,,,,,
Me interesa el emprendimiento y la innovaciГіn empresaria,ADMINISTRACIГ“,,,,,,,,
Creo que una buena administraciГіn puede cambiar el rumbo de una empres,ADMINISTRACIГ“,,,,,,,,
Siempre he sido detallista y meticuloso con las finanzas,CONTADURГҚ,,,,,,,,
Me interesa la auditorГӯa y el control financier,CONTADURГҚ,,,,,,,,
Disfruto organizando presupuestos y planificando gastos,CONTADURГҚ,,,,,,,,
Quiero asegurar la transparencia financiera en las organizaciones,CONTADURГҚ,,,,,,,,
Creo que la contabilidad es fundamental para el Г©xito empresaria,CONTADURГҚ,,,,,,,,
Me preocupa el desarrollo profesional de las personas en el trabajo,RELACIONES INDUSTRIALES,,,,,,,,
Quiero mejorar la comunicaciГіn interna en las empresa,RELACIONES INDUSTRIALES,,,,,,,,
Disfruto diseГұando programas de bienestar labora,RELACIONES INDUSTRIALES,,,,,,,,
Me interesa la gestiГіn de recursos humanos y talent,RELACIONES INDUSTRIALES,,,,,,,,
Creo que los empleados satisfechos son clave para el Г©xit,RELACIONES INDUSTRIALES,,,,,,,,
Me fascina estudiar los cambios sociales y su impacto,SOCIOLOGГҚ,,,,,,,,
Quiero investigar sobre problemas sociales y sus soluciones,SOCIOLOGГҚ,,,,,,,,
Disfruto trabajando en proyectos comunitarios,SOCIOLOGГҚ,,,,,,,,
Me interesa cГіmo la cultura influye en el comportamiento human,SOCIOLOGГҚ,,,,,,,,
Creo que entender la sociedad es esencial para el progreso,SOCIOLOGГҚ,,,,,,,,
Me apasiona analizar cГіmo se toman las decisiones econГіmic,ECONOMГҚ,,,,,,,,
Quiero contribuir a reducir la pobreza y la desigualdad,ECONOMГҚ,,,,,,,,
Disfruto estudiando polГӯticas econГіmicas y su efec,ECONOMГҚ,,,,,,,,
Me interesa el desarrollo sostenible y la economГӯa verd,ECONOMГҚ,,,,,,,,
Creo que la economГӯa puede ser una herramienta para el bien socia,ECONOMГҚ,,,,,,,,
Siempre he sentido una fuerte vocaciГіn por la justici,DERECHO,,,,,,,,
Quiero especializarme en derechos humanos,DERECHO,,,,,,,,
Disfruto estudiando casos legales y aprendiendo de ellos,DERECHO,,,,,,,,
Me interesa el derecho internacional y sus implicaciones,DERECHO,,,,,,,,
Creo que las leyes deben servir para proteger a todos,DERECHO,,,,,,,,
Siento que mi camino estГЎ en servir a otros a travГ©s de la ,TEOLOGГҚ,,,,,,,,
Me interesa estudiar las enseГұanzas de diferentes religione,TEOLOGГҚ,,,,,,,,
Disfruto participando en actividades de servicio comunitario,TEOLOGГҚ,,,,,,,,
Quiero fomentar el diГЎlogo y la comprensiГіn interreligio,TEOLOGГҚ,,,,,,,,
Creo que la espiritualidad es importante para el bienestar humano,TEOLOGГҚ,,,,,,,,
Me interesa cГіmo la logГӯstica afecta el desempeГұo empresar,INDUSTRIAL,,,,,,,,
Quiero mejorar la gestiГіn de operaciones en las empresa,INDUSTRIAL,,,,,,,,
Disfruto analizando sistemas y proponiendo mejoras,INDUSTRIAL,,,,,,,,
Creo que la optimizaciГіn es clave para el Г©xito industri,INDUSTRIAL,,,,,,,,
Me apasiona la innovaciГіn en procesos productivo,INDUSTRIAL,,,,,,,,
Siempre me ha gustado explorar cГіmo mejorar la infraestructura urban,CIVIL,,,,,,,,
Quiero diseГұar soluciones que hagan las ciudades mГЎs habitabl,CIVIL,,,,,,,,
Disfruto trabajando en equipo para crear proyectos significativos,CIVIL,,,,,,,,
Me interesa la ingenierГӯa ambiental y su impact,CIVIL,,,,,,,,
Creo que podemos construir un futuro mГЎs sostenibl,CIVIL,,,,,,,,
Me motiva crear tecnologГӯa que facilite la educaciГ,INFORMГҒTIC,,,,,,,,
Quiero desarrollar herramientas que ayuden a personas con discapacidades,INFORMГҒTIC,,,,,,,,
Disfruto colaborando en proyectos de cГіdigo abiert,INFORMГҒTIC,,,,,,,,
Me interesa la seguridad informГЎtica y proteger dato,INFORMГҒTIC,,,,,,,,
Creo que la tecnologГӯa debe ser accesible para todo,INFORMГҒTIC,,,,,,,,
Me intriga el funcionamiento interno de los dispositivos mГіvile,TELECOMUNICACIONES,,,,,,,,
Quiero trabajar en la innovaciГіn de redes de comunicaciГ,TELECOMUNICACIONES,,,,,,,,
Disfruto aprendiendo sobre nuevas tecnologГӯas 5G y mГЎs al,TELECOMUNICACIONES,,,,,,,,
Me interesa asegurar que todos tengan acceso a internet,TELECOMUNICACIONES,,,,,,,,
Creo que las comunicaciones son esenciales para el desarrollo,TELECOMUNICACIONES,,,,,,,,
Siempre he querido diseГұar espacios que armonicen con el entorn,ARQUITECTURA,,,,,,,,
Me apasiona la restauraciГіn de edificios histГіric,ARQUITECTURA,,,,,,,,
Disfruto experimentando con nuevos materiales y tГ©cnicas de construcciГ,ARQUITECTURA,,,,,,,,
Quiero que mis diseГұos reflejen la cultura loca,ARQUITECTURA,,,,,,,,
Creo que la arquitectura puede mejorar la calidad de vida,ARQUITECTURA,,,,,,,,
Me gusta analizar conceptos abstractos y teorГӯas compleja,FILOSOFГҚ,,,,,,,,
Quiero entender cГіmo las ideas influyen en la sociedad actua,FILOSOFГҚ,,,,,,,,
Disfruto escribiendo ensayos y participando en debates filosГіfico,FILOSOFГҚ,,,,,,,,
Me interesa la filosofГӯa polГӯtica y Г©t,FILOSOFГҚ,,,,,,,,
Creo que la reflexiГіn crГӯtica es esencial para el crecimiento person,FILOSOFГҚ,,,,,,,,
Siempre me ha interesado el comportamiento humano en organizaciones,PSICOLOGГҚ,,,,,,,,
Quiero especializarme en psicologГӯa clГӯni,PSICOLOGГҚ,,,,,,,,
Disfruto investigando sobre el desarrollo cognitivo,PSICOLOGГҚ,,,,,,,,
Me interesa aplicar tГ©cnicas terapГ©uticas innovador,PSICOLOGГҚ,,,,,,,,
Creo que la salud mental es fundamental para el bienestar general,PSICOLOGГҚ,,,,,,,,
Me motiva explorar la relaciГіn entre lenguaje y cultur,LETRAS,,,,,,,,
Quiero investigar sobre literatura latinoamericana,LETRAS,,,,,,,,
Disfruto traduciendo textos y aprendiendo nuevos idiomas,LETRAS,,,,,,,,
Me interesa el periodismo literario y la crГіnic,LETRAS,,,,,,,,
Creo que la literatura es un reflejo de la sociedad,LETRAS,,,,,,,,
Me apasiona la comunicaciГіn estratГ©gica en organizacion,COMUNICACIГ“N SOCIA,,,,,,,,
Quiero trabajar en campaГұas que generen conciencia socia,COMUNICACIГ“N SOCIA,,,,,,,,
Disfruto creando contenido visual y narrativo,COMUNICACIГ“N SOCIA,,,,,,,,
Me interesa el marketing digital y su influencia,COMUNICACIГ“N SOCIA,,,,,,,,
Creo que la comunicaciГіn es clave para el cambi,COMUNICACIГ“N SOCIA,,,,,,,,
Siempre he querido inspirar a otros a travГ©s de la enseГұan,EDUCACIГ“,,,,,,,,
Me interesa la educaciГіn en entornos rurale,EDUCACIГ“,,,,,,,,
Disfruto diseГұando planes de estudio atractivo,EDUCACIГ“,,,,,,,,
Quiero integrar tecnologГӯa en el aula de manera efectiv,EDUCACIГ“,,,,,,,,
Creo que todos tienen derecho a una educaciГіn de calida,EDUCACIГ“,,,,,,,,
Me motiva entender cГіmo hacer organizaciones mГЎs efectiv,ADMINISTRACIГ“,,,,,,,,
Quiero aprender sobre gestiГіn internacional de empresa,ADMINISTRACIГ“,,,,,,,,
Disfruto resolviendo desafГӯos organizacionale,ADMINISTRACIГ“,,,,,,,,
Me interesa el anГЎlisis de mercados y tendencia,ADMINISTRACIГ“,,,,,,,,
Creo que una buena gestiГіn puede cambiar el mund,ADMINISTRACIГ“,,,,,,,,
Siempre he tenido interГ©s en las leyes fiscales y tributaria,CONTADURГҚ,,,,,,,,
Quiero ayudar a las personas y empresas con sus finanzas,CONTADURГҚ,,,,,,,,
Disfruto manteniГ©ndome actualizado con las regulaciones financiera,CONTADURГҚ,,,,,,,,
Me interesa la contabilidad ambiental y social,CONTADURГҚ,,,,,,,,
Creo que la transparencia financiera es vital,CONTADURГҚ,,,,,,,,
Me preocupa cГіmo las polГӯticas laborales afectan a los emplead,RELACIONES INDUSTRIALES,,,,,,,,
Quiero promover prГЎcticas justas en el lugar de trabaj,RELACIONES INDUSTRIALES,,,,,,,,
Disfruto organizando programas de desarrollo profesional,RELACIONES INDUSTRIALES,,,,,,,,
Me interesa la diversidad e inclusiГіn en las empresa,RELACIONES INDUSTRIALES,,,,,,,,
Creo que una buena gestiГіn de personas mejora tod,RELACIONES INDUSTRIALES,,,,,,,,
Me fascina estudiar movimientos sociales y sus causas,SOCIOLOGГҚ,,,,,,,,
Quiero entender mejor la interacciГіn entre diferentes grupos sociale,SOCIOLOGГҚ,,,,,,,,
Disfruto realizando investigaciones de campo,SOCIOLOGГҚ,,,,,,,,
Me interesa la sociologГӯa urbana y rura,SOCIOLOGГҚ,,,,,,,,
Creo que la investigaciГіn social puede impulsar cambios positivo,SOCIOLOGГҚ,,,,,,,,
Me apasiona analizar sistemas econГіmicos y su impact,ECONOMГҚ,,,,,,,,
Quiero trabajar en organizaciones internacionales,ECONOMГҚ,,,,,,,,
Disfruto modelando escenarios econГіmico,ECONOMГҚ,,,,,,,,
Me interesa la economГӯa del comportamient,ECONOMГҚ,,,,,,,,
Creo que las decisiones econГіmicas deben beneficiar a todo,ECONOMГҚ,,,,,,,,
Siempre he sentido que el derecho puede proteger a los mГЎs vulnerable,DERECHO,,,,,,,,
Quiero especializarme en derecho ambiental,DERECHO,,,,,,,,
Disfruto estudiando jurisprudencia y casos emblemГЎtico,DERECHO,,,,,,,,
Me interesa el arbitraje y la resoluciГіn de conflicto,DERECHO,,,,,,,,
Creo que la justicia es fundamental para la paz social,DERECHO,,,,,,,,
Siento una llamada a profundizar en el estudio de la espiritualidad,TEOLOGГҚ,,,,,,,,
Quiero explorar la relaciГіn entre religiГіn y socied,TEOLOGГҚ,,,,,,,,
Disfruto compartiendo enseГұanzas que inspiran a otro,TEOLOGГҚ,,,,,,,,
Me interesa cГіmo la fe puede guiar acciones positiva,TEOLOGГҚ,,,,,,,,
Creo que el entendimiento espiritual enriquece la vida,TEOLOGГҚ,,,,,,,,
Siempre estoy pensando en cГіmo hacer las cosas de manera mГЎs eficien,INDUSTRIAL,,,,,,,,
Me gusta organizar y mejorar los procesos en mi entorno,INDUSTRIAL,,,,,,,,
Disfruto cuando encuentro una forma mГЎs rГЎpida de hacer al,INDUSTRIAL,,,,,,,,
Siento satisfacciГіn al optimizar tareas y ver resultados positivo,INDUSTRIAL,,,,,,,,
Me interesa cГіmo funcionan las fГЎbricas y las lГӯneas de producc,INDUSTRIAL,,,,,,,,
Desde niГұo me ha fascinado construir cosas con bloques y herramienta,CIVIL,,,,,,,,
Me emociona la idea de diseГұar edificios que perduren en el tiemp,CIVIL,,,,,,,,
Quiero ayudar a crear infraestructuras que beneficien a la comunidad,CIVIL,,,,,,,,
Disfruto aprendiendo sobre materiales de construcciГіn y sus uso,CIVIL,,,,,,,,
Me inspira ver cГіmo una ciudad puede transformarse con buenas obra,CIVIL,,,,,,,,
Paso horas programando y no me doy cuenta del tiempo,INFORMГҒTIC,,,,,,,,
Me encanta resolver errores en el cГіdigo y hacer que funcion,INFORMГҒTIC,,,,,,,,
Quiero crear aplicaciones que sean Гәtiles para las persona,INFORMГҒTIC,,,,,,,,
Disfruto aprendiendo sobre ciberseguridad y cГіmo proteger informaciГ,INFORMГҒTIC,,,,,,,,
SueГұo con desarrollar un juego que se vuelva popula,INFORMГҒTIC,,,,,,,,
Me intriga cГіmo podemos enviar mensajes instantГЎneos a cualquier parte del mun,TELECOMUNICACIONES,,,,,,,,
Quiero mejorar la calidad de las videollamadas y conexiones,TELECOMUNICACIONES,,,,,,,,
Me interesa cГіmo funcionan las antenas y seГұales de rad,TELECOMUNICACIONES,,,,,,,,
Disfruto desmontando dispositivos para entender su funcionamiento,TELECOMUNICACIONES,,,,,,,,
Creo que las telecomunicaciones acercan a las personas y culturas,TELECOMUNICACIONES,,,,,,,,
Siempre estoy dibujando diseГұos de casas y edificios en mis cuaderno,ARQUITECTURA,,,,,,,,
Me apasiona crear espacios que sean acogedores y funcionales,ARQUITECTURA,,,,,,,,
Quiero combinar tradiciГіn y modernidad en mis diseГұ,ARQUITECTURA,,,,,,,,
Disfruto visitando edificios histГіricos y analizando su arquitectur,ARQUITECTURA,,,,,,,,
SueГұo con diseГұar un edificio emblemГЎtico en mi ciu,ARQUITECTURA,,,,,,,,
Me encanta debatir sobre temas profundos y existenciales,FILOSOFГҚ,,,,,,,,
Siento curiosidad por entender diferentes formas de pensamiento,FILOSOFГҚ,,,,,,,,
Quiero estudiar cГіmo las ideas filosГіficas afectan nuestras vid,FILOSOFГҚ,,,,,,,,
Disfruto leyendo textos antiguos y descubriendo su relevancia hoy,FILOSOFГҚ,,,,,,,,
Creo que la filosofГӯa nos ayuda a ser mГЎs conscientes y reflexiv,FILOSOFГҚ,,,,,,,,
Siempre he querido comprender las emociones y comportamientos humanos,PSICOLOGГҚ,,,,,,,,
Me interesa ayudar a niГұos con dificultades emocionale,PSICOLOGГҚ,,,,,,,,
Disfruto investigando sobre el subconsciente y los sueГұo,PSICOLOGГҚ,,,,,,,,
Quiero ser un apoyo para quienes pasan por momentos difГӯcile,PSICOLOGГҚ,,,,,,,,
Creo que entender la mente es clave para mejorar la sociedad,PSICOLOGГҚ,,,,,,,,
La poesГӯa y la narrativa son mis formas favoritas de expresiГ,LETRAS,,,,,,,,
Me apasiona estudiar cГіmo el lenguaje evoluciona con el tiemp,LETRAS,,,,,,,,
Quiero rescatar y promover la literatura de mi paГӯ,LETRAS,,,,,,,,
Disfruto organizando clubes de lectura y discusiones literarias,LETRAS,,,,,,,,
Creo que las palabras tienen el poder de cambiar el mundo,LETRAS,,,,,,,,
Me motiva dar voz a las historias que merecen ser contadas,COMUNICACIГ“N SOCIA,,,,,,,,
Quiero utilizar el periodismo para exponer injusticias,COMUNICACIГ“N SOCIA,,,,,,,,
Disfruto editando videos y creando contenido atractivo,COMUNICACIГ“N SOCIA,,,,,,,,
Me interesa la comunicaciГіn polГӯtica y su impacto en la socied,COMUNICACIГ“N SOCIA,,,,,,,,
Creo que informar es una responsabilidad esencial,COMUNICACIГ“N SOCIA,,,,,,,,
Siento una gran satisfacciГіn al ver a alguien aprender algo nuev,EDUCACIГ“,,,,,,,,
Quiero desarrollar mГ©todos educativos que inspiren a los estudiante,EDUCACIГ“,,,,,,,,
Disfruto creando materiales didГЎcticos interactivo,EDUCACIГ“,,,,,,,,
Me interesa la psicopedagogГӯa y cГіmo ayudar a quienes tienen dificultad,EDUCACIГ“,,,,,,,,
Creo que la educaciГіn es el pilar fundamental de una sociedad fuert,EDUCACIГ“,,,,,,,,
Siempre he tenido habilidades para planificar y coordinar proyectos,ADMINISTRACIГ“,,,,,,,,
Me interesa cГіmo las decisiones estratГ©gicas afectan a una empre,ADMINISTRACIГ“,,,,,,,,
Disfruto analizando casos de Г©xito empresaria,ADMINISTRACIГ“,,,,,,,,
Quiero liderar equipos que generen cambios positivos,ADMINISTRACIГ“,,,,,,,,
Creo que una buena gestiГіn puede marcar la diferenci,ADMINISTRACIГ“,,,,,,,,
Me gusta asegurarme de que todo cuadre y estГ© en su luga,CONTADURГҚ,,,,,,,,
Quiero ayudar a las personas a manejar mejor sus finanzas,CONTADURГҚ,,,,,,,,
Disfruto aprendiendo sobre inversiones y mercados financieros,CONTADURГҚ,,,,,,,,
Me interesa la contabilidad forense y descubrir irregularidades,CONTADURГҚ,,,,,,,,
Creo que la Г©tica es fundamental en el mundo financier,CONTADURГҚ,,,,,,,,
Me preocupa cГіmo mejorar las relaciones laborales en las empresa,RELACIONES INDUSTRIALES,,,,,,,,
Quiero asegurar que los derechos de los trabajadores sean respetados,RELACIONES INDUSTRIALES,,,,,,,,
Disfruto organizando actividades que fomenten el trabajo en equipo,RELACIONES INDUSTRIALES,,,,,,,,
Me interesa la gestiГіn del cambio y cГіmo afecta a las person,RELACIONES INDUSTRIALES,,,,,,,,
Creo que un buen ambiente laboral mejora la productividad,RELACIONES INDUSTRIALES,,,,,,,,
Siempre me ha intrigado cГіmo las normas sociales influyen en el individu,SOCIOLOGГҚ,,,,,,,,
Quiero investigar sobre movimientos sociales y sus causas,SOCIOLOGГҚ,,,,,,,,
Disfruto analizando estadГӯsticas y datos demogrГЎfic,SOCIOLOGГҚ,,,,,,,,
Me interesa la sociologГӯa de la educaciГіn y su impac,SOCIOLOGГҚ,,,,,,,,
Creo que comprendiendo la sociedad podemos impulsar cambios,SOCIOLOGГҚ,,,,,,,,
Me apasiona estudiar cГіmo se pueden resolver las crisis econГіmic,ECONOMГҚ,,,,,,,,
Quiero contribuir a polГӯticas que promuevan el bienestar genera,ECONOMГҚ,,,,,,,,
Disfruto siguiendo las noticias econГіmicas y financiera,ECONOMГҚ,,,,,,,,
Me interesa la economГӯa sostenible y responsabl,ECONOMГҚ,,,,,,,,
Creo que las decisiones econГіmicas deben considerar el impacto socia,ECONOMГҚ,,,,,,,,
Siento un fuerte deseo de luchar contra las injusticias legales,DERECHO,,,,,,,,
Quiero defender a quienes no tienen voz en el sistema judicial,DERECHO,,,,,,,,
Disfruto estudiando las leyes y cГіmo se aplican en distintos caso,DERECHO,,,,,,,,
Me interesa el derecho laboral y proteger los derechos de los trabajadores,DERECHO,,,,,,,,
Creo que la justicia es un valor esencial en cualquier sociedad,DERECHO,,,,,,,,
Siento que mi propГіsito es ayudar a otros en su camino espiritua,TEOLOGГҚ,,,,,,,,
Me interesa cГіmo la fe influye en las acciones humana,TEOLOGГҚ,,,,,,,,
Disfruto estudiando textos sagrados y su interpretaciГі,TEOLOGГҚ,,,,,,,,
Quiero promover el respeto y la tolerancia entre diferentes creencias,TEOLOGГҚ,,,,,,,,
Creo que la espiritualidad es una parte integral del ser humano,TEOLOGГҚ,,,,,,,,
Me encanta encontrar soluciones prГЎcticas a problemas industriale,INDUSTRIAL,,,,,,,,
Quiero mejorar la calidad y eficiencia en la producciГі,INDUSTRIAL,,,,,,,,
Disfruto trabajando en proyectos que requieren anГЎlisis detallado,INDUSTRIAL,,,,,,,,
Me interesa la gestiГіn de la cadena de suministr,INDUSTRIAL,,,,,,,,
Creo que la innovaciГіn es clave en la industria modern,INDUSTRIAL,,,,,,,,
Siempre he disfrutado de las matemГЎticas y su aplicaciГіn en la construcci,CIVIL,,,,,,,,
Quiero diseГұar estructuras que sean seguras y sostenible,CIVIL,,,,,,,,
Disfruto trabajando en modelos y simulaciones estructurales,CIVIL,,,,,,,,
Me interesa la ingenierГӯa sГӯsmica y cГіmo proteger edific,CIVIL,,,,,,,,
Creo que la ingenierГӯa civil puede mejorar la vida de las persona,CIVIL,,,,,,,,
Paso tiempo creando pequeГұas aplicaciones para resolver necesidades diaria,INFORMГҒTIC,,,,,,,,
Me encanta el desafГӯo de aprender nuevos frameworks y tecnologГӯ,INFORMГҒTIC,,,,,,,,
Quiero participar en proyectos que utilicen inteligencia artificial,INFORMГҒTIC,,,,,,,,
Disfruto colaborando en equipos de desarrollo ГЎgi,INFORMГҒTIC,,,,,,,,
Creo que la informГЎtica es el futuro de muchas industria,INFORMГҒTIC,,,,,,,,
Me intriga cГіmo las seГұales se transmiten a travГ©s de diferentes med,TELECOMUNICACIONES,,,,,,,,
Quiero trabajar en el desarrollo de redes mГЎs seguras y rГЎpid,TELECOMUNICACIONES,,,,,,,,
Disfruto asistiendo a conferencias sobre tecnologГӯas emergente,TELECOMUNICACIONES,,,,,,,,
Me interesa la integraciГіn de la IoT (Internet de las Cosas) en la vida diari,TELECOMUNICACIONES,,,,,,,,
Creo que las telecomunicaciones impulsan la innovaciГіn globa,TELECOMUNICACIONES,,,,,,,,
Siempre he sentido que los espacios bien diseГұados afectan positivamente a las persona,ARQUITECTURA,,,,,,,,
Quiero crear edificios que sean energГ©ticamente eficiente,ARQUITECTURA,,,,,,,,
Disfruto trabajando con software de diseГұo y modelado 3,ARQUITECTURA,,,,,,,,
Me interesa la arquitectura paisajista y el urbanismo,ARQUITECTURA,,,,,,,,
Creo que la arquitectura puede resolver problemas sociales,ARQUITECTURA,,,,,,,,
Me encanta explorar diferentes corrientes de pensamiento y sus fundamentos,FILOSOFГҚ,,,,,,,,
Quiero entender cГіmo las filosofГӯas orientales y occidentales se complement,FILOSOFГҚ,,,,,,,,
Disfruto escribiendo sobre mis reflexiones y compartiГ©ndola,FILOSOFГҚ,,,,,,,,
Me interesa la Г©tica aplicada en el mundo actua,FILOSOFГҚ,,,,,,,,
Creo que la filosofГӯa nos guГӯa hacia una vida mГЎs pl,FILOSOFГҚ,,,,,,,,
Siempre he querido saber quГ© motiva a las personas en su dГӯa a d,PSICOLOGГҚ,,,,,,,,
Quiero especializarme en psicologГӯa deportiv,PSICOLOGГҚ,,,,,,,,
Disfruto realizando talleres de crecimiento personal,PSICOLOGГҚ,,,,,,,,
Me interesa cГіmo la mente y el cuerpo estГЎn conectad,PSICOLOGГҚ,,,,,,,,
Creo que ayudar a otros a entenderse a sГӯ mismos es valios,PSICOLOGГҚ,,,,,,,,
La cultura y el arte son esenciales en mi vida,LETRAS,,,,,,,,
Quiero investigar sobre literatura indГӯgena y ancestra,LETRAS,,,,,,,,
Disfruto organizando eventos literarios y culturales,LETRAS,,,,,,,,
Me interesa cГіmo la literatura refleja los problemas sociale,LETRAS,,,,,,,,
Creo que a travГ©s de las letras podemos generar concienci,LETRAS,,,,,,,,
Me motiva utilizar la comunicaciГіn para educar y empodera,COMUNICACIГ“N SOCIA,,,,,,,,
Quiero trabajar en documentales que muestren realidades ocultas,COMUNICACIГ“N SOCIA,,,,,,,,
Disfruto explorando nuevos formatos de comunicaciГіn digita,COMUNICACIГ“N SOCIA,,,,,,,,
Me interesa el periodismo investigativo y sus retos,COMUNICACIГ“N SOCIA,,,,,,,,
Creo que la informaciГіn veraz es un derecho de todo,COMUNICACIГ“N SOCIA,,,,,,,,
Siento que puedo marcar la diferencia en la vida de un estudiante,EDUCACIГ“,,,,,,,,
Quiero especializarme en educaciГіn para niГұos con necesidades especial,EDUCACIГ“,,,,,,,,
Disfruto creando actividades que hagan el aprendizaje divertido,EDUCACIГ“,,,,,,,,
Me interesa la educaciГіn bilingГјe y multicultur,EDUCACIГ“,,,,,,,,
Creo que la educaciГіn transforma vidas y comunidade,EDUCACIГ“,,,,,,,,
Me gusta analizar cГіmo se pueden mejorar los procesos administrativo,ADMINISTRACIГ“,,,,,,,,
Quiero enfocarme en la responsabilidad social empresarial,ADMINISTRACIГ“,,,,,,,,
Disfruto liderando proyectos que tienen un impacto positivo,ADMINISTRACIГ“,,,,,,,,
Me interesa la gestiГіn sostenible y Г©tica de negoci,ADMINISTRACIГ“,,,,,,,,
Creo que los lГӯderes deben ser agentes de cambi,ADMINISTRACIГ“,,,,,,,,
Siempre he sido cuidadoso con los detalles financieros,CONTADURГҚ,,,,,,,,
Quiero asegurar la integridad financiera en organizaciones sin fines de lucro,CONTADURГҚ,,,,,,,,
Disfruto enseГұando a otros sobre educaciГіn financie,CONTADURГҚ,,,,,,,,
Me interesa la tecnologГӯa blockchain y su aplicaciГіn en contabilid,CONTADURГҚ,,,,,,,,
Creo que la transparencia es esencial en las finanzas,CONTADURГҚ,,,,,,,,
Me preocupa el equilibrio entre productividad y bienestar del empleado,RELACIONES INDUSTRIALES,,,,,,,,
Quiero implementar programas que mejoren la satisfacciГіn labora,RELACIONES INDUSTRIALES,,,,,,,,
Disfruto mediando y resolviendo conflictos internos,RELACIONES INDUSTRIALES,,,,,,,,
Me interesa la formaciГіn y desarrollo de talento human,RELACIONES INDUSTRIALES,,,,,,,,
Creo que el Г©xito empresarial depende del compromiso de su gent,RELACIONES INDUSTRIALES,,,,,,,,
Siempre me ha fascinado cГіmo las sociedades cambian con el tiemp,SOCIOLOGГҚ,,,,,,,,
Quiero estudiar el impacto de las redes sociales en las relaciones humanas,SOCIOLOGГҚ,,,,,,,,
Disfruto realizando encuestas y analizando resultados,SOCIOLOGГҚ,,,,,,,,
Me interesa la sociologГӯa de la tecnologГӯa y su influenc,SOCIOLOGГҚ,,,,,,,,
Creo que entendiendo a la sociedad podemos anticipar tendencias,SOCIOLOGГҚ,,,,,,,,
Me apasiona entender los sistemas econГіmicos y cГіmo pueden ser mГЎs jus,ECONOMГҚ,,,,,,,,
Quiero trabajar en polГӯticas que promuevan la equidad econГіmi,ECONOMГҚ,,,,,,,,
Disfruto analizando modelos econГіmicos alternativo,ECONOMГҚ,,,,,,,,
Me interesa la economГӯa colaborativa y su potencia,ECONOMГҚ,,,,,,,,
Creo que la economГӯa debe servir al bienestar comГ,ECONOMГҚ,,,,,,,,
Siento una fuerte convicciГіn por defender el medio ambiente a travГ©s del derec,DERECHO,,,,,,,,
Quiero trabajar en leyes que protejan a las comunidades indГӯgena,DERECHO,,,,,,,,
Disfruto estudiando el derecho constitucional y sus implicaciones,DERECHO,,,,,,,,
Me interesa la criminologГӯa y entender las causas del delit,DERECHO,,,,,,,,
Creo que el sistema legal debe evolucionar con la sociedad,DERECHO,,,,,,,,
Siento que la fe puede ser un puente entre diferentes culturas,TEOLOGГҚ,,,,,,,,
Quiero estudiar el papel de la religiГіn en los conflictos y su resoluciГ,TEOLOGГҚ,,,,,,,,
Disfruto participando en actividades interreligiosas,TEOLOGГҚ,,,,,,,,
Me interesa cГіmo la espiritualidad influye en la salud menta,TEOLOGГҚ,,,,,,,,
Creo que la teologГӯa puede contribuir a la paz mundia,TEOLOGГҚ,,,,,,,,
Me encanta buscar formas creativas de mejorar procesos industriales,INDUSTRIAL,,,,,,,,
Quiero especializarme en logГӯstica y distribuciГіn eficien,INDUSTRIAL,,,,,,,,
Disfruto cuando logro reducir costos sin afectar la calidad,INDUSTRIAL,,,,,,,,
Me interesa la implementaciГіn de sistemas lean manufacturin,INDUSTRIAL,,,,,,,,
Creo que la industria puede ser sostenible y rentable,INDUSTRIAL,,,,,,,,
Me encanta optimizar el uso de recursos en proyectos,INDUSTRIAL,,,,,,,,
Siento curiosidad por cГіmo mejorar la productividad en fГЎbric,INDUSTRIAL,,,,,,,,
Quiero diseГұar estructuras que resistan desastres naturale,CIVIL,,,,,,,,
Me interesa construir puentes que conecten comunidades,CIVIL,,,,,,,,
Disfruto creando algoritmos que resuelvan problemas complejos,INFORMГҒTIC,,,,,,,,
Me apasiona desarrollar inteligencia artificial para mejorar vidas,INFORMГҒTIC,,,,,,,,
Quiero innovar en la tecnologГӯa de comunicaciГіn inalГЎmbr,TELECOMUNICACIONES,,,,,,,,
Me interesa hacer que internet sea accesible para todos,TELECOMUNICACIONES,,,,,,,,
Me inspira diseГұar espacios que respeten el medio ambient,ARQUITECTURA,,,,,,,,
Quiero fusionar arte y funcionalidad en construcciones,ARQUITECTURA,,,,,,,,
Me fascina explorar las razones detrГЎs de nuestras creencia,FILOSOFГҚ,,,,,,,,
Quiero ayudar a otros a encontrar significado en sus vidas,FILOSOFГҚ,,,,,,,,
Me interesa comprender y apoyar a personas con trastornos,PSICOLOGГҚ,,,,,,,,
Quiero investigar cГіmo mejorar la salud mental en mi comunida,PSICOLOGГҚ,,,,,,,,
Disfruto escribiendo historias que reflejen la realidad social,LETRAS,,,,,,,,
Quiero preservar las lenguas indГӯgenas a travГ©s de la literatu,LETRAS,,,,,,,,
Me motiva comunicar noticias que impulsen el cambio,COMUNICACIГ“N SOCIA,,,,,,,,
Quiero utilizar los medios para educar e informar objetivamente,COMUNICACIГ“N SOCIA,,,,,,,,
Me apasiona enseГұar y aprender de mis estudiante,EDUCACIГ“,,,,,,,,
Quiero innovar en mГ©todos pedagГіgicos que inspir,EDUCACIГ“,,,,,,,,
Me interesa liderar proyectos que tengan un impacto social,ADMINISTRACIГ“,,,,,,,,
Quiero emprender negocios que sean sostenibles y Г©tico,ADMINISTRACIГ“,,,,,,,,
Disfruto asegurando que las finanzas sean claras y precisas,CONTADURГҚ,,,,,,,,
Quiero utilizar mis habilidades para ayudar a pequeГұas empresa,CONTADURГҚ,,,,,,,,
Me preocupa mejorar las condiciones laborales globalmente,RELACIONES INDUSTRIALES,,,,,,,,
Quiero promover polГӯticas que valoren al trabajado,RELACIONES INDUSTRIALES,,,,,,,,
Me fascina investigar cГіmo las culturas interactГәan y cambi,SOCIOLOGГҚ,,,,,,,,
Quiero trabajar en proyectos que reduzcan la desigualdad social,SOCIOLOGГҚ,,,,,,,,
Me apasiona analizar cГіmo las polГӯticas econГіmicas afectan a to,ECONOMГҚ,,,,,,,,
Quiero contribuir a un sistema econГіmico mГЎs justo y equitati,ECONOMГҚ,,,,,,,,
Siempre he querido defender los derechos fundamentales,DERECHO,,,,,,,,
Quiero luchar contra la corrupciГіn y promover la justici,DERECHO,,,,,,,,
Siento una vocaciГіn por profundizar en cuestiones espirituale,TEOLOGГҚ,,,,,,,,
Quiero ayudar a otros en su bГәsqueda de significado y f,TEOLOGГҚ,,,,,,,,
Me gusta idear formas de hacer mГЎs eficientes las operacione,INDUSTRIAL,,,,,,,,
Siempre estoy buscando maneras de mejorar procesos en mi entorno,INDUSTRIAL,,,,,,,,
Me interesa cГіmo se puede optimizar la producciГіn en una empre,INDUSTRIAL,,,,,,,,
Disfruto planificando y organizando proyectos complejos,INDUSTRIAL,,,,,,,,
Siento satisfacciГіn al ver cГіmo mis ideas mejoran la productivid,INDUSTRIAL,,,,,,,,
Me apasiona diseГұar estructuras que sean Гәtiles para la socied,CIVIL,,,,,,,,
Siempre he querido construir cosas que perduren en el tiempo,CIVIL,,,,,,,,
Me interesa cГіmo los edificios pueden resistir terremoto,CIVIL,,,,,,,,
Disfruto trabajando en planos y modelos de construcciГі,CIVIL,,,,,,,,
Quiero ayudar a desarrollar infraestructuras sostenibles,CIVIL,,,,,,,,
Me encanta resolver problemas mediante programaciГі,INFORMГҒTIC,,,,,,,,
Siempre estoy creando pequeГұos programas para automatizar tarea,INFORMГҒTIC,,,,,,,,
Me interesa el desarrollo de aplicaciones mГіviles innovadora,INFORMГҒTIC,,,,,,,,
Disfruto aprendiendo sobre nuevas tecnologГӯas y lenguajes de programaciГ,INFORMГҒTIC,,,,,,,,
Quiero contribuir al mundo del software libre y de cГіdigo abiert,INFORMГҒTIC,,,,,,,,
Me intriga cГіmo la informaciГіn viaja a travГ©s de diferentes med,TELECOMUNICACIONES,,,,,,,,
Quiero mejorar las tecnologГӯas de comunicaciГіn actual,TELECOMUNICACIONES,,,,,,,,
Disfruto experimentando con equipos electrГіnicos y seГұal,TELECOMUNICACIONES,,,,,,,,
Me interesa la comunicaciГіn satelital y sus aplicacione,TELECOMUNICACIONES,,,,,,,,
Creo que las telecomunicaciones son vitales para el progreso global,TELECOMUNICACIONES,,,,,,,,
Siempre estoy dibujando y pensando en cГіmo mejorar espacio,ARQUITECTURA,,,,,,,,
Me apasiona la idea de crear edificios que inspiren a las personas,ARQUITECTURA,,,,,,,,
Quiero combinar funcionalidad y belleza en mis diseГұo,ARQUITECTURA,,,,,,,,
Disfruto explorando diferentes estilos arquitectГіnico,ARQUITECTURA,,,,,,,,
Me interesa la arquitectura sostenible y respetuosa con el medio ambiente,ARQUITECTURA,,,,,,,,
Me encanta cuestionar y reflexionar sobre la naturaleza de la realidad,FILOSOFГҚ,,,,,,,,
Disfruto leyendo a filГіsofos clГЎsicos y contemporГЎn,FILOSOFГҚ,,,,,,,,
Quiero entender mejor el significado de la existencia humana,FILOSOFГҚ,,,,,,,,
Me interesa discutir ideas y conceptos abstractos,FILOSOFГҚ,,,,,,,,
Creo que la filosofГӯa es esencial para el crecimiento personal y socia,FILOSOFГҚ,,,,,,,,
Siempre he querido ayudar a las personas a superar sus desafГӯos emocionale,PSICOLOGГҚ,,,,,,,,
Me interesa cГіmo el cerebro afecta el comportamient,PSICOLOGГҚ,,,,,,,,
Disfruto estudiando teorГӯas sobre la personalidad y la conduct,PSICOLOGГҚ,,,,,,,,
Quiero trabajar en hospitales o clГӯnicas apoyando a quienes lo necesita,PSICOLOGГҚ,,,,,,,,
Creo que la salud mental es tan importante como la fГӯsic,PSICOLOGГҚ,,,,,,,,
La literatura me permite viajar sin moverme de lugar,LETRAS,,,,,,,,
Me apasiona escribir y crear personajes e historias,LETRAS,,,,,,,,
Quiero dedicar mi vida al estudio y promociГіn de la literatur,LETRAS,,,,,,,,
Disfruto analizando textos y descubriendo sus diferentes interpretaciones,LETRAS,,,,,,,,
Creo que la palabra escrita tiene un poder transformador,LETRAS,,,,,,,,
Me motiva informar sobre temas que afectan a mi comunidad,COMUNICACIГ“N SOCIA,,,,,,,,
Quiero utilizar el periodismo para dar voz a los marginados,COMUNICACIГ“N SOCIA,,,,,,,,
Disfruto creando contenido que educa y entretiene,COMUNICACIГ“N SOCIA,,,,,,,,
Me interesa la producciГіn audiovisual y el cin,COMUNICACIГ“N SOCIA,,,,,,,,
Creo que los medios tienen una responsabilidad social importante,COMUNICACIГ“N SOCIA,,,,,,,,
Siento una gran vocaciГіn por enseГұar y compartir conocimient,EDUCACIГ“,,,,,,,,
Quiero desarrollar programas educativos para comunidades rurales,EDUCACIГ“,,,,,,,,
Disfruto viendo cГіmo los estudiantes descubren nuevas idea,EDUCACIГ“,,,,,,,,
Me interesa la educaciГіn especial y apoyar a quienes tienen necesidades diferente,EDUCACIГ“,,,,,,,,
Creo que la educaciГіn es la herramienta mГЎs poderosa para el camb,EDUCACIГ“,,,,,,,,
Me gusta liderar proyectos y motivar a otros a dar lo mejor de sГ,ADMINISTRACIГ“,,,,,,,,
Quiero aprender a gestionar empresas de manera eficiente y Г©tic,ADMINISTRACIГ“,,,,,,,,
Disfruto analizando estrategias de negocios exitosos,ADMINISTRACIГ“,,,,,,,,
Me interesa el marketing y cГіmo influye en las decisiones de las persona,ADMINISTRACIГ“,,,,,,,,
Creo que una buena administraciГіn puede hacer crecer una empresa y su impact,ADMINISTRACIГ“,,,,,,,,
Siempre he sido bueno manejando presupuestos y recursos,CONTADURГҚ,,,,,,,,
Quiero asegurar que las finanzas de una empresa sean transparentes,CONTADURГҚ,,,,,,,,
Disfruto trabajando con nГәmeros y datos financiero,CONTADURГҚ,,,,,,,,
Me interesa la auditorГӯa y cГіmo prevenir fraud,CONTADURГҚ,,,,,,,,
Creo que la contabilidad es esencial para el Г©xito de cualquier organizaciГ,CONTADURГҚ,,,,,,,,
Me preocupa el bienestar de los empleados y su satisfacciГіn labora,RELACIONES INDUSTRIALES,,,,,,,,
Quiero mejorar las polГӯticas de recursos humanos en las empresa,RELACIONES INDUSTRIALES,,,,,,,,
Disfruto organizando talleres y capacitaciones,RELACIONES INDUSTRIALES,,,,,,,,
Me interesa cГіmo motivar a los equipos de trabaj,RELACIONES INDUSTRIALES,,,,,,,,
Creo que una buena gestiГіn de personal beneficia a todo,RELACIONES INDUSTRIALES,,,,,,,,
Siempre me ha fascinado estudiar el comportamiento de las sociedades,SOCIOLOGГҚ,,,,,,,,
Quiero entender y combatir la injusticia social,SOCIOLOGГҚ,,,,,,,,
Disfruto participando en proyectos comunitarios,SOCIOLOGГҚ,,,,,,,,
Me interesa investigar sobre migraciГіn y sus efecto,SOCIOLOGГҚ,,,,,,,,
Creo que el cambio social comienza con la comprensiГі,SOCIOLOGГҚ,,,,,,,,
Me apasiona analizar cГіmo las decisiones econГіmicas afectan el dГӯa a ,ECONOMГҚ,,,,,,,,
Quiero trabajar en instituciones que promuevan el desarrollo econГіmic,ECONOMГҚ,,,,,,,,
Disfruto estudiando modelos econГіmicos y su aplicabilida,ECONOMГҚ,,,,,,,,
Me interesa la economГӯa internacional y las relaciones comerciale,ECONOMГҚ,,,,,,,,
Creo que la economГӯa puede ser una herramienta para reducir la pobrez,ECONOMГҚ,,,,,,,,
Siento una fuerte inclinaciГіn por defender los derechos de los demГ,DERECHO,,,,,,,,
Quiero especializarme en derecho internacional y ayudar en casos humanitarios,DERECHO,,,,,,,,
Disfruto estudiando leyes y cГіmo se interpreta,DERECHO,,,,,,,,
Me interesa la mediaciГіn y resoluciГіn de conflict,DERECHO,,,,,,,,
Creo que el derecho es fundamental para mantener el orden y la justicia,DERECHO,,,,,,,,
Siento que mi vocaciГіn es servir y guiar a otros espiritualment,TEOLOGГҚ,,,,,,,,
Quiero profundizar en el estudio de las escrituras y su mensaje,TEOLOGГҚ,,,,,,,,
Disfruto compartiendo reflexiones y enseГұanzas con mi comunida,TEOLOGГҚ,,,,,,,,
Me interesa el diГЎlogo interreligioso y la promociГіn de la p,TEOLOGГҚ,,,,,,,,
Creo que la fe puede unir a las personas y promover el bien comГә,TEOLOGГҚ,,,,,,,,
Me gusta analizar sistemas y encontrar maneras de mejorarlos,INDUSTRIAL,,,,,,,,
Quiero implementar tecnologГӯas que optimicen la producciГ,INDUSTRIAL,,,,,,,,
Disfruto trabajando en proyectos que involucran logГӯstica y planificaciГ,INDUSTRIAL,,,,,,,,
Me interesa la gestiГіn de calidad y mejora continu,INDUSTRIAL,,,,,,,,
Creo que la ingenierГӯa industrial puede hacer mГЎs sostenibles las empres,INDUSTRIAL,,,,,,,,
Siempre he querido contribuir a construir infraestructuras seguras,CIVIL,,,,,,,,
Me apasiona el diseГұo de carreteras y sistemas de transport,CIVIL,,,,,,,,
Disfruto aprendiendo sobre ingenierГӯa hidrГЎulica y su importanc,CIVIL,,,,,,,,
Me interesa la conservaciГіn y restauraciГіn de estructuras histГіri,CIVIL,,,,,,,,
Creo que la ingenierГӯa civil es clave para el desarrollo de las sociedade,CIVIL,,,,,,,,
Me encanta crear soluciones tecnolГіgicas para problemas cotidiano,INFORMГҒTIC,,,,,,,,
Quiero participar en el desarrollo de tecnologГӯas emergente,INFORMГҒTIC,,,,,,,,
Disfruto colaborando en proyectos de software en equipo,INFORMГҒTIC,,,,,,,,
Me interesa la realidad virtual y aumentada y sus aplicaciones,INFORMГҒTIC,,,,,,,,
Creo que la informГЎtica puede revolucionar mГәltiples camp,INFORMГҒTIC,,,,,,,,
Me intriga cГіmo mejorar la infraestructura de comunicacione,TELECOMUNICACIONES,,,,,,,,
Quiero desarrollar tecnologГӯas que permitan conexiones mГЎs segur,TELECOMUNICACIONES,,,,,,,,
Disfruto explorando la electrГіnica y sus posibilidade,TELECOMUNICACIONES,,,,,,,,
Me interesa el impacto de las telecomunicaciones en el desarrollo social,TELECOMUNICACIONES,,,,,,,,
Creo que conectar al mundo es fundamental para el progreso,TELECOMUNICACIONES,,,,,,,,
Siempre estoy imaginando cГіmo los espacios pueden influir en las emocione,ARQUITECTURA,,,,,,,,
Quiero diseГұar hogares que mejoren la calidad de vida de las persona,ARQUITECTURA,,,,,,,,
Disfruto combinando diferentes materiales y estilos en mis diseГұo,ARQUITECTURA,,,,,,,,
Me interesa la recuperaciГіn de espacios urbanos degradado,ARQUITECTURA,,,,,,,,
Creo que la arquitectura tiene el poder de transformar comunidades,ARQUITECTURA,,,,,,,,
Me encanta debatir sobre Г©tica y moral en el mundo modern,FILOSOFГҚ,,,,,,,,
Quiero aplicar el pensamiento filosГіfico a problemas actuale,FILOSOFГҚ,,,,,,,,
Disfruto escribiendo ensayos sobre mis ideas y pensamientos,FILOSOFГҚ,,,,,,,,
Me interesa la filosofГӯa de la ciencia y su influenci,FILOSOFГҚ,,,,,,,,
Creo que cuestionar y reflexionar nos hace mejores personas,FILOSOFГҚ,,,,,,,,
Siempre he querido comprender y ayudar a niГұos con dificultade,PSICOLOGГҚ,,,,,,,,
Me interesa la psicologГӯa educativa y cГіmo potenciar el aprendiza,PSICOLOGГҚ,,,,,,,,
Disfruto leyendo sobre diferentes teorГӯas psicolГіgic,PSICOLOGГҚ,,,,,,,,
Quiero investigar sobre tГ©cnicas terapГ©uticas innovador,PSICOLOGГҚ,,,,,,,,
Creo que la psicologГӯa puede cambiar vidas para mejo,PSICOLOGГҚ,,,,,,,,
La literatura me permite entender diferentes perspectivas y culturas,LETRAS,,,,,,,,
Quiero ser editor y ayudar a otros a publicar sus obras,LETRAS,,,,,,,,
Disfruto analizando la estructura y estilo de diferentes textos,LETRAS,,,,,,,,
Me interesa la enseГұanza de la lengua y la literatur,LETRAS,,,,,,,,
Creo que las letras son esenciales para preservar nuestra historia,LETRAS,,,,,,,,
Me motiva crear campaГұas que sensibilicen sobre temas importante,COMUNICACIГ“N SOCIA,,,,,,,,
Quiero trabajar en radio o podcasting para llegar a mГЎs persona,COMUNICACIГ“N SOCIA,,,,,,,,
Disfruto utilizando las redes sociales de manera constructiva,COMUNICACIГ“N SOCIA,,,,,,,,
Me interesa la comunicaciГіn organizacional y su impacto intern,COMUNICACIГ“N SOCIA,,,,,,,,
Creo que una buena comunicaciГіn puede resolver muchos problema,COMUNICACIГ“N SOCIA,,,,,,,,
Siento que educar es la mejor forma de dejar un legado,EDUCACIГ“,,,,,,,,
Quiero dedicarme a la formaciГіn de docente,EDUCACIГ“,,,,,,,,
Disfruto investigando sobre mГ©todos de enseГұanza innovador,EDUCACIГ“,,,,,,,,
Me interesa la tecnologГӯa educativa y su aplicaciГіn en el au,EDUCACIГ“,,,,,,,,
Creo que la educaciГіn debe adaptarse a los tiempos actuale,EDUCACIГ“,,,,,,,,
Me gusta analizar el mercado y anticipar tendencias,ADMINISTRACIГ“,,,,,,,,
Quiero ayudar a empresas a adaptarse a los cambios globales,ADMINISTRACIГ“,,,,,,,,
Disfruto creando planes de negocio y estrategias comerciales,ADMINISTRACIГ“,,,,,,,,
Me interesa la consultorГӯa y asesoramiento empresaria,ADMINISTRACIГ“,,,,,,,,
Creo que la administraciГіn eficiente beneficia a todos los involucrado,ADMINISTRACIГ“,,,,,,,,
Siempre he sido responsable con las finanzas y presupuesto,CONTADURГҚ,,,,,,,,
Quiero especializarme en contabilidad internacional,CONTADURГҚ,,,,,,,,
Disfruto trabajando con herramientas y software financiero,CONTADURГҚ,,,,,,,,
Me interesa la Г©tica profesional en el ГЎmbito contab,CONTADURГҚ,,,,,,,,
Creo que la precisiГіn en la contabilidad es fundamenta,CONTADURГҚ,,,,,,,,
Me preocupa cГіmo las empresas pueden mejorar su clima labora,RELACIONES INDUSTRIALES,,,,,,,,
Quiero implementar polГӯticas que promuevan la equidad e inclusiГ,RELACIONES INDUSTRIALES,,,,,,,,
Disfruto estudiando sobre liderazgo y motivaciГі,RELACIONES INDUSTRIALES,,,,,,,,
Me interesa la negociaciГіn colectiva y los derechos laborale,RELACIONES INDUSTRIALES,,,,,,,,
Creo que valorando a los empleados, las empresas prosperan,RELACIONES INDUSTRIALES,,,,,,,
Siempre me ha intrigado cГіmo se forman y cambian las normas sociale,SOCIOLOGГҚ,,,,,,,,
Quiero dedicarme a la investigaciГіn social y acadГ©mi,SOCIOLOGГҚ,,,,,,,,
Disfruto analizando el impacto de las polГӯticas pГәblic,SOCIOLOGГҚ,,,,,,,,
Me interesa la sociologГӯa de la educaciГіn y las desigualdad,SOCIOLOGГҚ,,,,,,,,
Creo que comprendiendo la sociedad podemos impulsar mejoras reales,SOCIOLOGГҚ,,,,,,,,
Me apasiona estudiar los ciclos econГіmicos y sus efecto,ECONOMГҚ,,,,,,,,
Quiero trabajar en anГЎlisis financiero y de inversione,ECONOMГҚ,,,,,,,,
Disfruto leyendo sobre teorГӯa econГіmica y casos prГЎcti,ECONOMГҚ,,,,,,,,
Me interesa la economГӯa ambiental y el desarrollo sostenibl,ECONOMГҚ,,,,,,,,
Creo que las decisiones econГіmicas deben ser responsable,ECONOMГҚ,,,,,,,,
Siento una fuerte inclinaciГіn por defender la verdad y la justici,DERECHO,,,,,,,,
Quiero contribuir a reformar sistemas legales injustos,DERECHO,,,,,,,,
Disfruto argumentando y presentando casos con lГіgic,DERECHO,,,,,,,,
Me interesa el derecho digital y la protecciГіn de dato,DERECHO,,,,,,,,
Creo que el derecho debe adaptarse a los nuevos desafГӯo,DERECHO,,,,,,,,
Siento una conexiГіn profunda con el estudio de la espiritualida,TEOLOGГҚ,,,,,,,,
Quiero entender cГіmo la fe influye en diferentes cultura,TEOLOGГҚ,,,,,,,,
Disfruto compartiendo enseГұanzas que promueven la paz y el amo,TEOLOGГҚ,,,,,,,,
Me interesa el trabajo pastoral y comunitario,TEOLOGГҚ,,,,,,,,
Creo que la teologГӯa puede guiar a las personas hacia una vida plen,TEOLOGГҚ,,,,,,,,
Me intriga cпҝҪmo mejorar la infraestructura de comunicacion,,,,,,,,,
Quiero desarrollar tecnologпҝҪas que permitan conexiones mпҝҪs seg,,,,,,,,,
Disfruto explorando la electrпҝҪnica y sus posibilidad,,,,,,,,,
Me interesa el impacto de las telecomunicaciones en el desarrollo social,,,,,,,,,
Creo que conectar al mundo es fundamental para el progreso,,,,,,,,,
Siempre estoy imaginando cпҝҪmo los espacios pueden influir en las emocion,,,,,,,,,
Quiero diseпҝҪar hogares que mejoren la calidad de vida de las person,,,,,,,,,
Disfruto combinando diferentes materiales y estilos en mis diseпҝҪ,,,,,,,,,
Me interesa la recuperaciпҝҪn de espacios urbanos degradad,,,,,,,,,
Creo que la arquitectura tiene el poder de transformar comunidades,,,,,,,,,
Me encanta debatir sobre пҝҪtica y moral en el mundo moder,,,,,,,,,
Quiero aplicar el pensamiento filosпҝҪfico a problemas actual,,,,,,,,,
Disfruto escribiendo ensayos sobre mis ideas y pensamientos,,,,,,,,,
Me interesa la filosofпҝҪa de la ciencia y su influenc,,,,,,,,,
Creo que cuestionar y reflexionar nos hace mejores personas,,,,,,,,,
Siempre he querido comprender y ayudar a niпҝҪos con dificultad,,,,,,,,,
Me interesa la psicologпҝҪa educativa y cпҝҪmo potenciar el aprendi,,,,,,,,,
Disfruto leyendo sobre diferentes teorпҝҪas psicolпҝҪg,,,,,,,,,
Quiero investigar sobre tпҝҪcnicas terapпҝҪuticas innovad,,,,,,,,,
Creo que la psicologпҝҪa puede cambiar vidas para mej,,,,,,,,,
La literatura me permite entender diferentes perspectivas y culturas,,,,,,,,,
Quiero ser editor y ayudar a otros a publicar sus obras,,,,,,,,,
Disfruto analizando la estructura y estilo de diferentes textos,,,,,,,,,
Me interesa la enseпҝҪanza de la lengua y la literatu,,,,,,,,,
Creo que las letras son esenciales para preservar nuestra historia,,,,,,,,,
Me motiva crear campaпҝҪas que sensibilicen sobre temas important,,,,,,,,,
Quiero trabajar en radio o podcasting para llegar a mпҝҪs person,,,,,,,,,
Disfruto utilizando las redes sociales de manera constructiva,,,,,,,,,
Me interesa la comunicaciпҝҪn organizacional y su impacto inter,,,,,,,,,
Creo que una buena comunicaciпҝҪn puede resolver muchos problem,,,,,,,,,
Siento que educar es la mejor forma de dejar un legado,,,,,,,,,
Quiero dedicarme a la formaciпҝҪn de docent,,,,,,,,,
Disfruto investigando sobre mпҝҪtodos de enseпҝҪanza innovad,,,,,,,,,
Me interesa la tecnologпҝҪa educativa y su aplicaciпҝҪn en el ,,,,,,,,,
Creo que la educaciпҝҪn debe adaptarse a los tiempos actual,,,,,,,,,
Me gusta analizar el mercado y anticipar tendencias,,,,,,,,,
Quiero ayudar a empresas a adaptarse a los cambios globales,,,,,,,,,
Disfruto creando planes de negocio y estrategias comerciales,,,,,,,,,
Me interesa la consultorпҝҪa y asesoramiento empresari,,,,,,,,,
Creo que la administraciпҝҪn eficiente beneficia a todos los involucrad,,,,,,,,,
Siempre he sido responsable con las finanzas y presupuesto,,,,,,,,,
Quiero especializarme en contabilidad internacional,,,,,,,,,
Disfruto trabajando con herramientas y software financiero,,,,,,,,,
Me interesa la пҝҪtica profesional en el пҝҪmbito cont,,,,,,,,,
Creo que la precisiпҝҪn en la contabilidad es fundament,,,,,,,,,
Me preocupa cпҝҪmo las empresas pueden mejorar su clima labor,,,,,,,,,
Quiero implementar polпҝҪticas que promuevan la equidad e inclusi,,,,,,,,,
Disfruto estudiando sobre liderazgo y motivaciпҝ,,,,,,,,,
Me interesa la negociaciпҝҪn colectiva y los derechos laboral,,,,,,,,,
Creo que valorando a los empleados, las empresas prosperan,,,,,,,,
Siempre me ha intrigado cпҝҪmo se forman y cambian las normas social,,,,,,,,,
Quiero dedicarme a la investigaciпҝҪn social y acadпҝҪ,,,,,,,,,
Disfruto analizando el impacto de las polпҝҪticas pпҝҪbl,,,,,,,,,
Me interesa la sociologпҝҪa de la educaciпҝҪn y las desiguald,,,,,,,,,
Creo que comprendiendo la sociedad podemos impulsar mejoras reales,,,,,,,,,
Me apasiona estudiar los ciclos econпҝҪmicos y sus efect,,,,,,,,,
Quiero trabajar en anпҝҪlisis financiero y de inversion,,,,,,,,,
Disfruto leyendo sobre teorпҝҪa econпҝҪmica y casos prпҝҪ,,,,,,,,,
Me interesa la economпҝҪa ambiental y el desarrollo sostenib,,,,,,,,,
Creo que las decisiones econпҝҪmicas deben ser responsabl,,,,,,,,,
Siento una fuerte inclinaciпҝҪn por defender la verdad y la justic,,,,,,,,,
Quiero contribuir a reformar sistemas legales injustos,,,,,,,,,
Disfruto argumentando y presentando casos con lпҝҪgi,,,,,,,,,
Me interesa el derecho digital y la protecciпҝҪn de dat,,,,,,,,,
Creo que el derecho debe adaptarse a los nuevos desafпҝҪ,,,,,,,,,
Siento una conexiпҝҪn profunda con el estudio de la espiritualid,,,,,,,,,
Quiero entender cпҝҪmo la fe influye en diferentes cultur,,,,,,,,,
Disfruto compartiendo enseпҝҪanzas que promueven la paz y el am,,,,,,,,,
Me interesa el trabajo pastoral y comunitario,,,,,,,,,
Creo que la teologпҝҪa puede guiar a las personas hacia una vida ple,,,,,,,,,
